{
  "skin_tone_proxy": {
    "0": 1.094418055032615
  },
  "device_brand": {
    "0": 1.094418055032615
  }
}